{
	"31000": {
		"coords": [
			-77.0512,
			38.8561
		],
		"id": 1,
		"name": "20th & Bell St",
		"terminal": 31000
	},
	"31001": {
		"coords": [
			-77.05332,
			38.85725
		],
		"id": 2,
		"name": "18th & Eads St.",
		"terminal": 31001
	},
	"31002": {
		"coords": [
			-77.0492,
			38.8564
		],
		"id": 3,
		"name": "20th & Crystal Dr",
		"terminal": 31002
	},
	"31003": {
		"coords": [
			-77.049593,
			38.86017
		],
		"id": 4,
		"name": "15th & Crystal Dr",
		"terminal": 31003
	},
	"31004": {
		"coords": [
			-77.05949,
			38.857866
		],
		"id": 5,
		"name": "Aurora Hills Community Ctr/18th & Hayes St",
		"terminal": 31004
	},
	"31005": {
		"coords": [
			-77.059936,
			38.862303
		],
		"id": 6,
		"name": "12th & Hayes St /  Pentagon City Metro",
		"terminal": 31005
	},
	"31006": {
		"coords": [
			-77.0633,
			38.8637
		],
		"id": 7,
		"name": "S Joyce & Army Navy Dr",
		"terminal": 31006
	},
	"31007": {
		"coords": [
			-77.0511,
			38.8573
		],
		"id": 8,
		"name": "Crystal City Metro / 18th & Bell St",
		"terminal": 31007
	},
	"31008": {
		"coords": [
			-77.0528,
			38.8629
		],
		"id": 9,
		"name": "12th & Army Navy Dr",
		"terminal": 31008
	},
	"31009": {
		"coords": [
			-77.051516,
			38.848441
		],
		"id": 10,
		"name": "27th & Crystal Dr",
		"terminal": 31009
	},
	"31010": {
		"coords": [
			-77.0502,
			38.8426
		],
		"id": 11,
		"name": "S Glebe & Potomac Ave",
		"terminal": 31010
	},
	"31011": {
		"coords": [
			-77.0498,
			38.8533
		],
		"id": 12,
		"name": "23rd & Crystal Dr",
		"terminal": 31011
	},
	"31012": {
		"coords": [
			-77.05152,
			38.850688
		],
		"id": 13,
		"name": "26th & S Clark St",
		"terminal": 31012
	},
	"31013": {
		"coords": [
			-77.053535,
			38.853613
		],
		"id": 48,
		"name": "23rd & Eads St",
		"terminal": 31013
	},
	"31014": {
		"coords": [
			-77.070993,
			38.897315
		],
		"id": 127,
		"name": "Lynn & 19th St North",
		"terminal": 31014
	},
	"31015": {
		"coords": [
			-77.072305,
			38.8946
		],
		"id": 128,
		"name": "Rosslyn Metro / Wilson Blvd & Ft Myer Dr",
		"terminal": 31015
	},
	"31016": {
		"coords": [
			-77.076701,
			38.893648
		],
		"id": 129,
		"name": "Clarendon Blvd & Pierce St",
		"terminal": 31016
	},
	"31017": {
		"coords": [
			-77.0846,
			38.891696
		],
		"id": 130,
		"name": "Court House Metro / Wilson Blvd & N Uhle St",
		"terminal": 31017
	},
	"31018": {
		"coords": [
			-77.079375,
			38.892164
		],
		"id": 131,
		"name": "N Rhodes & 16th St N",
		"terminal": 31018
	},
	"31019": {
		"coords": [
			-77.0925,
			38.889
		],
		"id": 134,
		"name": "Wilson Blvd & N Edgewood St",
		"terminal": 31019
	},
	"31020": {
		"coords": [
			-77.0889,
			38.8904
		],
		"id": 138,
		"name": "Wilson Blvd & Franklin Rd",
		"terminal": 31020
	},
	"31021": {
		"coords": [
			-77.09308,
			38.8881
		],
		"id": 139,
		"name": "Clarendon Blvd & N Fillmore St",
		"terminal": 31021
	},
	"31022": {
		"coords": [
			-77.094875,
			38.88786
		],
		"id": 140,
		"name": "Clarendon Metro / Wilson Blvd & N Highland St",
		"terminal": 31022
	},
	"31023": {
		"coords": [
			-77.097745,
			38.885801
		],
		"id": 160,
		"name": "Fairfax Dr & Wilson Blvd",
		"terminal": 31023
	},
	"31024": {
		"coords": [
			-77.103148,
			38.882788
		],
		"id": 165,
		"name": "Virginia Square Metro / N Monroe St & 9th St N",
		"terminal": 31024
	},
	"31025": {
		"coords": [
			-77.10783,
			38.88397
		],
		"id": 166,
		"name": "Central Library / N Quincy St & 10th St N",
		"terminal": 31025
	},
	"31026": {
		"coords": [
			-77.093485,
			38.884734
		],
		"id": 167,
		"name": "Washington Blvd & 10th St N",
		"terminal": 31026
	},
	"31027": {
		"coords": [
			-77.078107,
			38.896015
		],
		"id": 161,
		"name": "Key Blvd & N Quinn St",
		"terminal": 31027
	},
	"31028": {
		"coords": [
			-77.086045,
			38.893241
		],
		"id": 172,
		"name": "N Veitch & Key Blvd",
		"terminal": 31028
	},
	"31029": {
		"coords": [
			-77.086502,
			38.896923
		],
		"id": 158,
		"name": "N Veitch  & 20th St N",
		"terminal": 31029
	},
	"31030": {
		"coords": [
			-77.089006,
			38.89593
		],
		"id": 173,
		"name": "N Adams St & Lee Hwy",
		"terminal": 31030
	},
	"31031": {
		"coords": [
			-77.08095,
			38.89054
		],
		"id": 174,
		"name": "15th & N Scott St",
		"terminal": 31031
	},
	"31032": {
		"coords": [
			-77.091129,
			38.880834
		],
		"id": 175,
		"name": "Washington Blvd & 7th St N",
		"terminal": 31032
	},
	"31033": {
		"coords": [
			-77.10396,
			38.8815
		],
		"id": 157,
		"name": "Wilson Blvd & N Oakland St",
		"terminal": 31033
	},
	"31034": {
		"coords": [
			-77.109366,
			38.882629
		],
		"id": 177,
		"name": "N Randolph St & Fairfax Dr",
		"terminal": 31034
	},
	"31035": {
		"coords": [
			-77.107735,
			38.876393
		],
		"id": 156,
		"name": "N Quincy St & Glebe Rd",
		"terminal": 31035
	},
	"31036": {
		"coords": [
			-77.1207,
			38.87887
		],
		"id": 170,
		"name": "George Mason Dr & Wilson Blvd",
		"terminal": 31036
	},
	"31037": {
		"coords": [
			-77.111768,
			38.881044
		],
		"id": 176,
		"name": "Ballston Metro / N Stuart & 9th St N",
		"terminal": 31037
	},
	"31038": {
		"coords": [
			-77.116817,
			38.883921
		],
		"id": 180,
		"name": "Glebe Rd & 11th St N",
		"terminal": 31038
	},
	"31039": {
		"coords": [
			-77.107673,
			38.880151
		],
		"id": 181,
		"name": "N Quincy St & Wilson Blvd",
		"terminal": 31039
	},
	"31040": {
		"coords": [
			-77.10108,
			38.884616
		],
		"id": 182,
		"name": "Fairfax Dr & Kenmore St",
		"terminal": 31040
	},
	"31041": {
		"coords": [
			-77.040363,
			38.803124
		],
		"id": 189,
		"name": "Prince St & Union St",
		"terminal": 31041
	},
	"31042": {
		"coords": [
			-77.043363,
			38.804718
		],
		"id": 190,
		"name": "Market Square / King St & Royal St",
		"terminal": 31042
	},
	"31043": {
		"coords": [
			-77.044664,
			38.810743
		],
		"id": 191,
		"name": "Saint Asaph St & Pendleton  St",
		"terminal": 31043
	},
	"31044": {
		"coords": [
			-77.049883,
			38.805317
		],
		"id": 192,
		"name": "King St & Patrick St",
		"terminal": 31044
	},
	"31045": {
		"coords": [
			-77.05293,
			38.805648
		],
		"id": 194,
		"name": "Commerce St & Fayette St",
		"terminal": 31045
	},
	"31046": {
		"coords": [
			-77.050276,
			38.811456
		],
		"id": 195,
		"name": "Henry St & Pendleton St",
		"terminal": 31046
	},
	"31047": {
		"coords": [
			-77.052808,
			38.814577
		],
		"id": 196,
		"name": "Braddock Rd Metro",
		"terminal": 31047
	},
	"31048": {
		"coords": [
			-77.06072,
			38.805767
		],
		"id": 197,
		"name": "King St Metro",
		"terminal": 31048
	},
	"31049": {
		"coords": [
			-77.113905,
			38.883669
		],
		"id": 201,
		"name": "Utah St & 11th St N ",
		"terminal": 31049
	},
	"31050": {
		"coords": [
			-77.08777,
			38.884961
		],
		"id": 202,
		"name": "Barton St & 10th St N",
		"terminal": 31050
	},
	"31051": {
		"coords": [
			-77.077294,
			38.889365
		],
		"id": 203,
		"name": "Arlington Blvd & N Queen St",
		"terminal": 31051
	},
	"31052": {
		"coords": [
			-77.050537,
			38.844015
		],
		"id": 118,
		"name": "Potomac Ave & 35th St S",
		"terminal": 31052
	},
	"31053": {
		"coords": [
			-77.080319,
			38.863833
		],
		"id": 211,
		"name": "Columbia Pike & S Courthouse Rd",
		"terminal": 31053
	},
	"31054": {
		"coords": [
			-77.086733,
			38.857803
		],
		"id": 212,
		"name": "Walter Reed Community Center / Walter Reed Dr & 16th St S",
		"terminal": 31054
	},
	"31055": {
		"coords": [
			-77.069275,
			38.846222
		],
		"id": 213,
		"name": "28th St S & S Meade St",
		"terminal": 31055
	},
	"31056": {
		"coords": [
			-77.075104,
			38.847977
		],
		"id": 219,
		"name": "S Troy St & 26th St S",
		"terminal": 31056
	},
	"31057": {
		"coords": [
			-77.085931,
			38.8444
		],
		"id": 220,
		"name": "S Four Mile Run Dr & S Shirlington Rd",
		"terminal": 31057
	},
	"31058": {
		"coords": [
			-77.09586,
			38.860789
		],
		"id": 221,
		"name": "S Oakland St & Columbia Pike",
		"terminal": 31058
	},
	"31059": {
		"coords": [
			-77.094295,
			38.835213
		],
		"id": 222,
		"name": "S Abingdon St & 36th St S",
		"terminal": 31059
	},
	"31060": {
		"coords": [
			-77.089555,
			38.84232
		],
		"id": 223,
		"name": "S Arlington Mill Dr & Campbell Ave",
		"terminal": 31060
	},
	"31061": {
		"coords": [
			-77.084918,
			38.848454
		],
		"id": 224,
		"name": "S Kenmore & 24th St S",
		"terminal": 31061
	},
	"31062": {
		"coords": [
			-77.100555,
			38.854691
		],
		"id": 227,
		"name": "S George Mason Dr & 13th St S",
		"terminal": 31062
	},
	"31063": {
		"coords": [
			-77.105022,
			38.852248
		],
		"id": 243,
		"name": "S George Mason Dr & Four Mile Run",
		"terminal": 31063
	},
	"31064": {
		"coords": [
			-77.087323,
			38.834108
		],
		"id": 244,
		"name": "S Stafford & 34th St S",
		"terminal": 31064
	},
	"31065": {
		"coords": [
			-77.08596,
			38.880705
		],
		"id": 245,
		"name": "N Pershing Dr & Wayne St",
		"terminal": 31065
	},
	"31066": {
		"coords": [
			-77.072315,
			38.867262
		],
		"id": 246,
		"name": "Columbia Pike & S Orme St",
		"terminal": 31066
	},
	"31067": {
		"coords": [
			-77.086599,
			38.862478
		],
		"id": 255,
		"name": "Columbia Pike & S Walter Reed Dr",
		"terminal": 31067
	},
	"31068": {
		"coords": [
			-77.11153,
			38.856319
		],
		"id": 256,
		"name": "Columbia Pike & S Dinwiddie St / Arlington Mill Community Center",
		"terminal": 31068
	},
	"31069": {
		"coords": [
			-77.107906,
			38.871822
		],
		"id": 257,
		"name": "Pershing & N George Mason Dr",
		"terminal": 31069
	},
	"31070": {
		"coords": [
			-77.089233,
			38.873755
		],
		"id": 306,
		"name": "Arlington Blvd & Fillmore St",
		"terminal": 31070
	},
	"31071": {
		"coords": [
			-77.04826,
			38.86646
		],
		"id": 307,
		"name": "Long Bridge Park/Long Bridge Dr & 6th St S",
		"terminal": 31071
	},
	"31072": {
		"coords": [
			-77.09482,
			38.837666
		],
		"id": 311,
		"name": "31st & Woodrow St S",
		"terminal": 31072
	},
	"31073": {
		"coords": [
			-77.082104,
			38.873219
		],
		"id": 312,
		"name": "Washington Blvd & Walter Reed Dr ",
		"terminal": 31073
	},
	"31074": {
		"coords": [
			-77.093586,
			38.869675
		],
		"id": 313,
		"name": "Thomas Jefferson Cmty Ctr / 2nd St S & Ivy",
		"terminal": 31074
	},
	"31075": {
		"coords": [
			-77.076131,
			38.866471
		],
		"id": 323,
		"name": "Rolfe St & 9th St S",
		"terminal": 31075
	},
	"31076": {
		"coords": [
			-77.087083,
			38.839912
		],
		"id": 324,
		"name": "Shirlington Transit Center / S Quincy & Randolph St",
		"terminal": 31076
	},
	"31077": {
		"coords": [
			-77.071301,
			38.88992
		],
		"id": 329,
		"name": "Iwo Jima Memorial/N Meade & 14th St N",
		"terminal": 31077
	},
	"31100": {
		"coords": [
			-77.0429,
			38.9003
		],
		"id": 14,
		"name": "19th St & Pennsylvania Ave NW",
		"terminal": 31100
	},
	"31101": {
		"coords": [
			-77.0321,
			38.9176
		],
		"id": 15,
		"name": "14th & V St NW",
		"terminal": 31101
	},
	"31102": {
		"coords": [
			-77.027822,
			38.929464
		],
		"id": 16,
		"name": "11th & Kenyon St NW",
		"terminal": 31102
	},
	"31103": {
		"coords": [
			-77.036536,
			38.926088
		],
		"id": 17,
		"name": "16th & Harvard St NW",
		"terminal": 31103
	},
	"31104": {
		"coords": [
			-77.042581,
			38.922925
		],
		"id": 18,
		"name": "Adams Mill & Columbia Rd NW",
		"terminal": 31104
	},
	"31105": {
		"coords": [
			-77.0322,
			38.9268
		],
		"id": 19,
		"name": "14th & Harvard St NW",
		"terminal": 31105
	},
	"31106": {
		"coords": [
			-77.047637,
			38.923203
		],
		"id": 20,
		"name": "Calvert & Biltmore St NW",
		"terminal": 31106
	},
	"31107": {
		"coords": [
			-77.0388,
			38.9319
		],
		"id": 21,
		"name": "Lamont & Mt Pleasant NW",
		"terminal": 31107
	},
	"31108": {
		"coords": [
			-77.0178,
			38.8767
		],
		"id": 22,
		"name": "4th & M St SW",
		"terminal": 31108
	},
	"31109": {
		"coords": [
			-77.0222,
			38.9155
		],
		"id": 47,
		"name": "7th & T St NW",
		"terminal": 31109
	},
	"31110": {
		"coords": [
			-77.0446,
			38.9154
		],
		"id": 46,
		"name": "20th St & Florida Ave NW",
		"terminal": 31110
	},
	"31111": {
		"coords": [
			-77.0259,
			38.9172
		],
		"id": 43,
		"name": "10th & U St NW",
		"terminal": 31111
	},
	"31112": {
		"coords": [
			-77.043358,
			38.927872
		],
		"id": 85,
		"name": "Harvard St & Adams Mill Rd NW",
		"terminal": 31112
	},
	"31113": {
		"coords": [
			-77.04368,
			38.920669
		],
		"id": 135,
		"name": "Columbia Rd & Belmont St NW",
		"terminal": 31113
	},
	"31114": {
		"coords": [
			-77.041571,
			38.918809
		],
		"id": 214,
		"name": "18th St & Wyoming Ave NW",
		"terminal": 31114
	},
	"31115": {
		"coords": [
			-77.02344,
			38.928156
		],
		"id": 148,
		"name": "Columbia Rd & Georgia Ave NW",
		"terminal": 31115
	},
	"31116": {
		"coords": [
			-77.04062,
			38.917761
		],
		"id": 149,
		"name": "California St & Florida Ave NW",
		"terminal": 31116
	},
	"31117": {
		"coords": [
			-77.0352,
			38.92333
		],
		"id": 230,
		"name": "15th & Euclid St  NW",
		"terminal": 31117
	},
	"31118": {
		"coords": [
			-77.01597,
			38.917622
		],
		"id": 249,
		"name": "3rd & Elm St NW",
		"terminal": 31118
	},
	"31119": {
		"coords": [
			-77.031887,
			38.921074
		],
		"id": 272,
		"name": "14th & Belmont St NW",
		"terminal": 31119
	},
	"31120": {
		"coords": [
			-77.025672,
			38.920387
		],
		"id": 274,
		"name": "10th & Florida Ave NW",
		"terminal": 31120
	},
	"31121": {
		"coords": [
			-77.050046,
			38.923583
		],
		"id": 301,
		"name": "Calvert St & Woodley Pl NW",
		"terminal": 31121
	},
	"31200": {
		"coords": [
			-77.0444,
			38.9101
		],
		"id": 51,
		"name": "Massachusetts Ave & Dupont Circle NW",
		"terminal": 31200
	},
	"31201": {
		"coords": [
			-77.034438,
			38.90985
		],
		"id": 23,
		"name": "15th & P St NW",
		"terminal": 31201
	},
	"31202": {
		"coords": [
			-77.031681,
			38.912682
		],
		"id": 24,
		"name": "14th & R St NW",
		"terminal": 31202
	},
	"31203": {
		"coords": [
			-77.0323,
			38.9086
		],
		"id": 25,
		"name": "14th & Rhode Island Ave NW",
		"terminal": 31203
	},
	"31204": {
		"coords": [
			-77.045,
			38.8963
		],
		"id": 26,
		"name": "20th & E St NW",
		"terminal": 31204
	},
	"31205": {
		"coords": [
			-77.047,
			38.9008
		],
		"id": 27,
		"name": "21st & I St NW",
		"terminal": 31205
	},
	"31206": {
		"coords": [
			-77.0436,
			38.8952
		],
		"id": 41,
		"name": "19th & E Street NW",
		"terminal": 31206
	},
	"31207": {
		"coords": [
			-77.0222,
			38.9249
		],
		"id": 44,
		"name": "Georgia Ave and Fairmont St NW",
		"terminal": 31207
	},
	"31208": {
		"coords": [
			-77.0037,
			38.8763
		],
		"id": 49,
		"name": "M St & New Jersey Ave SE",
		"terminal": 31208
	},
	"31209": {
		"coords": [
			-77.0057,
			38.8743
		],
		"id": 45,
		"name": "1st & N St  SE",
		"terminal": 31209
	},
	"31211": {
		"coords": [
			-77.054845,
			38.895184
		],
		"id": 77,
		"name": "Kennedy Center",
		"terminal": 31211
	},
	"31212": {
		"coords": [
			-77.046774,
			38.90534
		],
		"id": 53,
		"name": "21st & M St NW",
		"terminal": 31212
	},
	"31213": {
		"coords": [
			-77.03863,
			38.90276
		],
		"id": 54,
		"name": "17th & K St NW",
		"terminal": 31213
	},
	"31214": {
		"coords": [
			-77.0387,
			38.9121
		],
		"id": 59,
		"name": "17th & Corcoran St NW",
		"terminal": 31214
	},
	"31215": {
		"coords": [
			-77.059219,
			38.9022212
		],
		"id": 72,
		"name": "Georgetown Harbor / 30th St NW",
		"terminal": 31215
	},
	"31216": {
		"coords": [
			-77.032005,
			38.899641
		],
		"id": 69,
		"name": "McPherson Square / 14th & H St NW",
		"terminal": 31216
	},
	"31217": {
		"coords": [
			-77.028226,
			38.887237
		],
		"id": 71,
		"name": "USDA / 12th & Independence Ave SW",
		"terminal": 31217
	},
	"31218": {
		"coords": [
			-77.022241,
			38.886266
		],
		"id": 75,
		"name": "L'Enfant Plaza / 7th & C St SW",
		"terminal": 31218
	},
	"31219": {
		"coords": [
			-77.026013,
			38.893028
		],
		"id": 76,
		"name": "10th St & Constitution Ave NW",
		"terminal": 31219
	},
	"31220": {
		"coords": [
			-77.046587,
			38.894919
		],
		"id": 74,
		"name": "US Dept of State / Virginia Ave & 21st St NW",
		"terminal": 31220
	},
	"31221": {
		"coords": [
			-77.041606,
			38.904742
		],
		"id": 79,
		"name": "18th & M St NW",
		"terminal": 31221
	},
	"31222": {
		"coords": [
			-77.0337,
			38.8991
		],
		"id": 83,
		"name": "New York Ave & 15th St NW",
		"terminal": 31222
	},
	"31223": {
		"coords": [
			-77.022264,
			38.90572
		],
		"id": 84,
		"name": "Convention Center / 7th & M St NW",
		"terminal": 31223
	},
	"31224": {
		"coords": [
			-77.043648,
			38.903407
		],
		"id": 86,
		"name": "19th & L St NW",
		"terminal": 31224
	},
	"31225": {
		"coords": [
			-77.06269,
			38.90375
		],
		"id": 87,
		"name": "C & O Canal & Wisconsin Ave NW",
		"terminal": 31225
	},
	"31226": {
		"coords": [
			-77.0682,
			38.916442
		],
		"id": 90,
		"name": "34th St & Wisconsin Ave NW",
		"terminal": 31226
	},
	"31227": {
		"coords": [
			-77.029822,
			38.900283
		],
		"id": 91,
		"name": "13th St & New York Ave NW",
		"terminal": 31227
	},
	"31228": {
		"coords": [
			-77.023086,
			38.8997
		],
		"id": 92,
		"name": "8th & H St NW",
		"terminal": 31228
	},
	"31229": {
		"coords": [
			-77.03818,
			38.91554
		],
		"id": 102,
		"name": "New Hampshire Ave & T St NW",
		"terminal": 31229
	},
	"31230": {
		"coords": [
			-77.027869,
			38.898364
		],
		"id": 103,
		"name": "Metro Center / 12th & G St NW",
		"terminal": 31230
	},
	"31231": {
		"coords": [
			-77.031617,
			38.894514
		],
		"id": 104,
		"name": "14th & D St NW / Ronald Reagan Building",
		"terminal": 31231
	},
	"31232": {
		"coords": [
			-77.022322,
			38.897324
		],
		"id": 105,
		"name": "7th & F St NW / National Portrait Gallery",
		"terminal": 31232
	},
	"31233": {
		"coords": [
			-77.038322,
			38.902061
		],
		"id": 106,
		"name": "17th & K St NW / Farragut Square",
		"terminal": 31233
	},
	"31234": {
		"coords": [
			-77.04478,
			38.908905
		],
		"id": 107,
		"name": "20th & O St NW / Dupont South",
		"terminal": 31234
	},
	"31235": {
		"coords": [
			-77.0436,
			38.8923
		],
		"id": 109,
		"name": "19th St & Constitution Ave NW",
		"terminal": 31235
	},
	"31236": {
		"coords": [
			-77.071652,
			38.90774
		],
		"id": 110,
		"name": "37th & O St NW / Georgetown University",
		"terminal": 31236
	},
	"31237": {
		"coords": [
			-77.053485,
			38.903827
		],
		"id": 112,
		"name": "25th St & Pennsylvania Ave NW",
		"terminal": 31237
	},
	"31238": {
		"coords": [
			-77.031823,
			38.898069
		],
		"id": 117,
		"name": "14th & G St NW",
		"terminal": 31238
	},
	"31239": {
		"coords": [
			-77.038785,
			38.906602
		],
		"id": 136,
		"name": "17th & Rhode Island Ave NW",
		"terminal": 31239
	},
	"31240": {
		"coords": [
			-77.04657,
			38.88412
		],
		"id": 124,
		"name": "Ohio Dr & West Basin Dr SW / MLK & FDR Memorials",
		"terminal": 31240
	},
	"31241": {
		"coords": [
			-77.0325,
			38.9059
		],
		"id": 137,
		"name": "Thomas Circle",
		"terminal": 31241
	},
	"31242": {
		"coords": [
			-77.041539,
			38.89968
		],
		"id": 141,
		"name": "18th St & Pennsylvania Ave NW",
		"terminal": 31242
	},
	"31243": {
		"coords": [
			-77.018939,
			38.887299
		],
		"id": 142,
		"name": "Maryland & Independence Ave SW",
		"terminal": 31243
	},
	"31244": {
		"coords": [
			-77.017445,
			38.88412
		],
		"id": 143,
		"name": "4th & E St SW",
		"terminal": 31244
	},
	"31245": {
		"coords": [
			-77.022155,
			38.912719
		],
		"id": 145,
		"name": "7th & R St NW / Shaw Library",
		"terminal": 31245
	},
	"31246": {
		"coords": [
			-77.056887,
			38.905126
		],
		"id": 153,
		"name": "M St & Pennsylvania Ave NW",
		"terminal": 31246
	},
	"31247": {
		"coords": [
			-77.032429,
			38.888553
		],
		"id": 168,
		"name": "Jefferson Dr & 14th St SW",
		"terminal": 31247
	},
	"31248": {
		"coords": [
			-77.02858,
			38.888767
		],
		"id": 169,
		"name": "Smithsonian / Jefferson Dr & 12th St SW",
		"terminal": 31248
	},
	"31249": {
		"coords": [
			-77.037413,
			38.879819
		],
		"id": 178,
		"name": "Jefferson Memorial",
		"terminal": 31249
	},
	"31250": {
		"coords": [
			-77.044789,
			38.903584
		],
		"id": 185,
		"name": "20th & L St NW",
		"terminal": 31250
	},
	"31251": {
		"coords": [
			-77.0284,
			38.903819
		],
		"id": 186,
		"name": "12th & L St NW",
		"terminal": 31251
	},
	"31252": {
		"coords": [
			-77.046564,
			38.901539
		],
		"id": 187,
		"name": "21st St & Pennsylvania Ave NW",
		"terminal": 31252
	},
	"31253": {
		"coords": [
			-77.04337,
			38.902204
		],
		"id": 188,
		"name": "19th & K St NW",
		"terminal": 31253
	},
	"31254": {
		"coords": [
			-77.03353,
			38.902
		],
		"id": 193,
		"name": "15th & K St NW",
		"terminal": 31254
	},
	"31255": {
		"coords": [
			-77.05152,
			38.9066
		],
		"id": 198,
		"name": "24th & N St NW",
		"terminal": 31255
	},
	"31256": {
		"coords": [
			-77.026064,
			38.895914
		],
		"id": 199,
		"name": "10th & E St NW",
		"terminal": 31256
	},
	"31257": {
		"coords": [
			-77.048911,
			38.90088
		],
		"id": 200,
		"name": "22nd & I St NW / Foggy Bottom",
		"terminal": 31257
	},
	"31258": {
		"coords": [
			-77.049426,
			38.888251
		],
		"id": 204,
		"name": "Lincoln Memorial",
		"terminal": 31258
	},
	"31259": {
		"coords": [
			-77.045128,
			38.894722
		],
		"id": 206,
		"name": "20th St & Virginia Ave NW",
		"terminal": 31259
	},
	"31260": {
		"coords": [
			-77.049882,
			38.896104
		],
		"id": 126,
		"name": "23rd & E St NW ",
		"terminal": 31260
	},
	"31261": {
		"coords": [
			-77.046567,
			38.892459
		],
		"id": 133,
		"name": "21st St & Constitution Ave NW",
		"terminal": 31261
	},
	"31262": {
		"coords": [
			-77.026975,
			38.897857
		],
		"id": 125,
		"name": "11th & F St NW",
		"terminal": 31262
	},
	"31263": {
		"coords": [
			-77.02674,
			38.90268
		],
		"id": 159,
		"name": "11th & K St NW",
		"terminal": 31263
	},
	"31264": {
		"coords": [
			-77.01994,
			38.894573
		],
		"id": 171,
		"name": "6th St & Indiana Ave NW",
		"terminal": 31264
	},
	"31265": {
		"coords": [
			-77.018677,
			38.90093
		],
		"id": 207,
		"name": "5th St & Massachusetts Ave NW",
		"terminal": 31265
	},
	"31266": {
		"coords": [
			-77.027137,
			38.905607
		],
		"id": 115,
		"name": "11th & M St NW",
		"terminal": 31266
	},
	"31267": {
		"coords": [
			-77.038359,
			38.908142
		],
		"id": 229,
		"name": "17th St & Massachusetts Ave NW",
		"terminal": 31267
	},
	"31268": {
		"coords": [
			-77.029779,
			38.916794
		],
		"id": 242,
		"name": "13th & U St NW",
		"terminal": 31268
	},
	"31269": {
		"coords": [
			-77.001955,
			38.887378
		],
		"id": 247,
		"name": "3rd St & Pennsylvania Ave SE",
		"terminal": 31269
	},
	"31270": {
		"coords": [
			-77.02324,
			38.894851
		],
		"id": 248,
		"name": "8th & D St NW",
		"terminal": 31270
	},
	"31271": {
		"coords": [
			-77.013917,
			38.892275
		],
		"id": 251,
		"name": "Constitution Ave & 2nd St NW/DOL",
		"terminal": 31271
	},
	"31272": {
		"coords": [
			-77.01397,
			38.88731
		],
		"id": 252,
		"name": "Washington & Independence Ave SW/HHS",
		"terminal": 31272
	},
	"31273": {
		"coords": [
			-77.03023,
			38.878433
		],
		"id": 305,
		"name": "Hains Point/Buckeye & Ohio Dr SW",
		"terminal": 31273
	},
	"31300": {
		"coords": [
			-77.063896,
			38.944551
		],
		"id": 60,
		"name": "Van Ness Metro / UDC",
		"terminal": 31300
	},
	"31301": {
		"coords": [
			-77.087171,
			38.938736
		],
		"id": 63,
		"name": "Ward Circle / American University",
		"terminal": 31301
	},
	"31302": {
		"coords": [
			-77.074647,
			38.934751
		],
		"id": 64,
		"name": "Idaho Ave & Newark St NW [on 2nd District patio]",
		"terminal": 31302
	},
	"31303": {
		"coords": [
			-77.079382,
			38.947607
		],
		"id": 80,
		"name": "Tenleytown / Wisconsin Ave & Albemarle St NW",
		"terminal": 31303
	},
	"31304": {
		"coords": [
			-77.070334,
			38.922581
		],
		"id": 116,
		"name": "36th & Calvert St NW / Glover Park",
		"terminal": 31304
	},
	"31305": {
		"coords": [
			-77.057979,
			38.934267
		],
		"id": 35,
		"name": "Connecticut Ave & Newark St NW / Cleveland Park",
		"terminal": 31305
	},
	"31306": {
		"coords": [
			-77.077271,
			38.922649
		],
		"id": 163,
		"name": "39th & Calvert St NW / Stoddert",
		"terminal": 31306
	},
	"31307": {
		"coords": [
			-77.055599,
			38.930282
		],
		"id": 151,
		"name": "3000 Connecticut Ave NW / National Zoo",
		"terminal": 31307
	},
	"31308": {
		"coords": [
			-77.077078,
			38.943837
		],
		"id": 208,
		"name": "39th & Veazey St NW",
		"terminal": 31308
	},
	"31309": {
		"coords": [
			-77.082426,
			38.954812
		],
		"id": 209,
		"name": "Fessenden St & Wisconsin Ave NW",
		"terminal": 31309
	},
	"31310": {
		"coords": [
			-77.069956,
			38.955016
		],
		"id": 228,
		"name": "Connecticut & Nebraska Ave NW",
		"terminal": 31310
	},
	"31312": {
		"coords": [
			-77.063586,
			38.90849
		],
		"id": 226,
		"name": "Wisconsin Ave & O St NW",
		"terminal": 31312
	},
	"31313": {
		"coords": [
			-77.062036,
			38.941154
		],
		"id": 314,
		"name": "Connecticut Ave & Tilden St NW",
		"terminal": 31313
	},
	"31314": {
		"coords": [
			-77.067786,
			38.903582
		],
		"id": 330,
		"name": "34th & Water St NW",
		"terminal": 31314
	},
	"31400": {
		"coords": [
			-77.024649,
			38.936043
		],
		"id": 28,
		"name": "Georgia & New Hampshire Ave NW",
		"terminal": 31400
	},
	"31401": {
		"coords": [
			-77.0328,
			38.9375
		],
		"id": 29,
		"name": "14th St & Spring Rd NW",
		"terminal": 31401
	},
	"31402": {
		"coords": [
			-77.032818,
			38.947774
		],
		"id": 65,
		"name": "14th St Heights / 14th & Crittenden St NW",
		"terminal": 31402
	},
	"31403": {
		"coords": [
			-77.019815,
			38.956595
		],
		"id": 215,
		"name": "5th & Kennedy St NW",
		"terminal": 31403
	},
	"31404": {
		"coords": [
			-77.0251,
			38.9418
		],
		"id": 146,
		"name": "9th & Upshur St NW",
		"terminal": 31404
	},
	"31405": {
		"coords": [
			-77.027333,
			38.949662
		],
		"id": 216,
		"name": "Georgia Ave & Emerson St NW",
		"terminal": 31405
	},
	"31406": {
		"coords": [
			-77.032652,
			38.942016
		],
		"id": 217,
		"name": "14th & Upshur St NW",
		"terminal": 31406
	},
	"31407": {
		"coords": [
			-77.032947,
			38.956432
		],
		"id": 218,
		"name": "14th St & Colorado Ave NW",
		"terminal": 31407
	},
	"31408": {
		"coords": [
			-77.016855,
			38.975219
		],
		"id": 321,
		"name": "Takoma Metro",
		"terminal": 31408
	},
	"31500": {
		"coords": [
			-77.000624,
			38.919488
		],
		"id": 42,
		"name": "4th St & Rhode Island Ave NE",
		"terminal": 31500
	},
	"31501": {
		"coords": [
			-76.991016,
			38.933668
		],
		"id": 73,
		"name": "12th & Newton St NE",
		"terminal": 31501
	},
	"31502": {
		"coords": [
			-76.9955,
			38.9346
		],
		"id": 30,
		"name": "John McCormack Dr & Michigan Ave NE",
		"terminal": 31502
	},
	"31503": {
		"coords": [
			-77.0135,
			38.9126
		],
		"id": 61,
		"name": "Florida Ave & R St NW",
		"terminal": 31503
	},
	"31504": {
		"coords": [
			-76.992889,
			38.932514
		],
		"id": 93,
		"name": "10th & Monroe St NE",
		"terminal": 31504
	},
	"31505": {
		"coords": [
			-77.00495,
			38.910972
		],
		"id": 94,
		"name": "Eckington Pl & Q St NE",
		"terminal": 31505
	},
	"31506": {
		"coords": [
			-77.012289,
			38.915417
		],
		"id": 147,
		"name": "1st & Rhode Island Ave NW",
		"terminal": 31506
	},
	"31507": {
		"coords": [
			-77.012457,
			38.928743
		],
		"id": 164,
		"name": "1st & Washington Hospital Center NW",
		"terminal": 31507
	},
	"31508": {
		"coords": [
			-76.9941,
			38.90509
		],
		"id": 183,
		"name": "Gallaudet / 8th St & Florida Ave NE",
		"terminal": 31508
	},
	"31509": {
		"coords": [
			-77.017669,
			38.912659
		],
		"id": 232,
		"name": "New Jersey Ave & R St NW",
		"terminal": 31509
	},
	"31510": {
		"coords": [
			-76.978924,
			38.927095
		],
		"id": 235,
		"name": "18th St & Rhode Island Ave NE",
		"terminal": 31510
	},
	"31511": {
		"coords": [
			-76.990955,
			38.928644
		],
		"id": 237,
		"name": "12th & Irving St NE",
		"terminal": 31511
	},
	"31512": {
		"coords": [
			-76.987211,
			38.903732
		],
		"id": 241,
		"name": "Neal St & Trinidad Ave NE",
		"terminal": 31512
	},
	"31513": {
		"coords": [
			-77.004746,
			38.918155
		],
		"id": 250,
		"name": "Rhode Island Ave & V St NE",
		"terminal": 31513
	},
	"31514": {
		"coords": [
			-76.997194,
			38.927497
		],
		"id": 254,
		"name": "Hamlin & 7th St NE",
		"terminal": 31514
	},
	"31515": {
		"coords": [
			-77.002721,
			38.952369
		],
		"id": 320,
		"name": "Fort Totten Metro",
		"terminal": 31515
	},
	"31516": {
		"coords": [
			-76.995876,
			38.920682
		],
		"id": 322,
		"name": "Rhode Island Ave Metro",
		"terminal": 31516
	},
	"31600": {
		"coords": [
			-77.019027,
			38.90304
		],
		"id": 31,
		"name": "5th & K St NW",
		"terminal": 31600
	},
	"31601": {
		"coords": [
			-76.9769,
			38.8896
		],
		"id": 32,
		"name": "19th & East Capitol St SE",
		"terminal": 31601
	},
	"31602": {
		"coords": [
			-77.0315,
			38.9308
		],
		"id": 33,
		"name": "Park Rd & Holmead Pl NW",
		"terminal": 31602
	},
	"31603": {
		"coords": [
			-77.0056,
			38.9057
		],
		"id": 52,
		"name": "1st & M St NE",
		"terminal": 31603
	},
	"31604": {
		"coords": [
			-77.015289,
			38.899408
		],
		"id": 55,
		"name": "3rd & H St NW",
		"terminal": 31604
	},
	"31605": {
		"coords": [
			-77.0023,
			38.8851
		],
		"id": 56,
		"name": "3rd & D St SE",
		"terminal": 31605
	},
	"31606": {
		"coords": [
			-76.9862,
			38.8803
		],
		"id": 57,
		"name": "Potomac & Pennsylvania Ave SE",
		"terminal": 31606
	},
	"31607": {
		"coords": [
			-76.9861,
			38.884
		],
		"id": 58,
		"name": "14th & D St SE",
		"terminal": 31607
	},
	"31608": {
		"coords": [
			-76.9953,
			38.8792
		],
		"id": 62,
		"name": "8th & Eye St SE / Barracks Row",
		"terminal": 31608
	},
	"31609": {
		"coords": [
			-77.02127,
			38.87675
		],
		"id": 88,
		"name": "6th & Water St SW / SW Waterfront",
		"terminal": 31609
	},
	"31610": {
		"coords": [
			-76.996806,
			38.886952
		],
		"id": 68,
		"name": "Eastern Market / 7th & North Carolina Ave SE",
		"terminal": 31610
	},
	"31611": {
		"coords": [
			-76.9882,
			38.9003
		],
		"id": 81,
		"name": "13th & H St NE",
		"terminal": 31611
	},
	"31612": {
		"coords": [
			-76.997114,
			38.894758
		],
		"id": 89,
		"name": "D St & Maryland Ave NE",
		"terminal": 31612
	},
	"31613": {
		"coords": [
			-76.995397,
			38.884
		],
		"id": 78,
		"name": "Eastern Market Metro / Pennsylvania Ave & 7th St SE",
		"terminal": 31613
	},
	"31614": {
		"coords": [
			-76.991383,
			38.899983
		],
		"id": 111,
		"name": "11th & H St NE",
		"terminal": 31614
	},
	"31615": {
		"coords": [
			-76.99831,
			38.900384
		],
		"id": 95,
		"name": "6th & H St NE",
		"terminal": 31615
	},
	"31616": {
		"coords": [
			-77.001949,
			38.900412
		],
		"id": 96,
		"name": "3rd & H St NE",
		"terminal": 31616
	},
	"31617": {
		"coords": [
			-76.982872,
			38.900413
		],
		"id": 97,
		"name": "Bladensburg Rd & Benning Rd NE",
		"terminal": 31617
	},
	"31618": {
		"coords": [
			-77.000349,
			38.889955
		],
		"id": 98,
		"name": "4th & East Capitol St NE",
		"terminal": 31618
	},
	"31619": {
		"coords": [
			-76.988355,
			38.890461
		],
		"id": 99,
		"name": "Lincoln Park / 13th & East Capitol St NE ",
		"terminal": 31619
	},
	"31620": {
		"coords": [
			-77.019347,
			38.897222
		],
		"id": 82,
		"name": "5th & F St NW",
		"terminal": 31620
	},
	"31621": {
		"coords": [
			-77.016106,
			38.895344
		],
		"id": 108,
		"name": "4th & D St NW / Judiciary Square",
		"terminal": 31621
	},
	"31622": {
		"coords": [
			-76.987633,
			38.894832
		],
		"id": 101,
		"name": "13th & D St NE",
		"terminal": 31622
	},
	"31623": {
		"coords": [
			-77.00493,
			38.89696
		],
		"id": 113,
		"name": "Columbus Circle / Union Station",
		"terminal": 31623
	},
	"31624": {
		"coords": [
			-77.009888,
			38.897446
		],
		"id": 114,
		"name": "North Capitol St & F St NW",
		"terminal": 31624
	},
	"31625": {
		"coords": [
			-77.001828,
			38.881185
		],
		"id": 144,
		"name": "3rd & G St SE",
		"terminal": 31625
	},
	"31626": {
		"coords": [
			-76.983569,
			38.88732
		],
		"id": 154,
		"name": "15th St & Massachusetts Ave SE",
		"terminal": 31626
	},
	"31627": {
		"coords": [
			-77.003041,
			38.905707
		],
		"id": 210,
		"name": "M St & Delaware Ave NE",
		"terminal": 31627
	},
	"31628": {
		"coords": [
			-77.006004,
			38.87861
		],
		"id": 162,
		"name": "1st & K St SE",
		"terminal": 31628
	},
	"31629": {
		"coords": [
			-76.995193,
			38.889988
		],
		"id": 231,
		"name": "8th & East Capitol St NE",
		"terminal": 31629
	},
	"31630": {
		"coords": [
			-76.983326,
			38.889908
		],
		"id": 233,
		"name": "15th & East Capitol St NE",
		"terminal": 31630
	},
	"31631": {
		"coords": [
			-76.994749,
			38.897274
		],
		"id": 234,
		"name": "8th & F St NE",
		"terminal": 31631
	},
	"31632": {
		"coords": [
			-76.983575,
			38.897195
		],
		"id": 236,
		"name": "15th & F St NE",
		"terminal": 31632
	},
	"31633": {
		"coords": [
			-77.026154,
			38.887397
		],
		"id": 253,
		"name": "Independence Ave & L'Enfant Plaza SW/DOE",
		"terminal": 31633
	},
	"31634": {
		"coords": [
			-77.0024,
			38.87501
		],
		"id": 273,
		"name": "3rd & Tingey St SE",
		"terminal": 31634
	},
	"31635": {
		"coords": [
			-76.994468,
			38.876737
		],
		"id": 275,
		"name": "Potomac Ave & 8th St SE",
		"terminal": 31635
	},
	"31636": {
		"coords": [
			-77.015231,
			38.90706
		],
		"id": 302,
		"name": "New Jersey Ave & N St NW/Dunbar HS",
		"terminal": 31636
	},
	"31637": {
		"coords": [
			-77.008911,
			38.899703
		],
		"id": 310,
		"name": "North Capitol St & G Pl NE",
		"terminal": 31637
	},
	"31638": {
		"coords": [
			-77.012108,
			38.900358
		],
		"id": 319,
		"name": "1st & H St NW",
		"terminal": 31638
	},
	"31700": {
		"coords": [
			-76.9672,
			38.8601
		],
		"id": 34,
		"name": "Good Hope & Naylor Rd SE",
		"terminal": 31700
	},
	"31701": {
		"coords": [
			-76.9599,
			38.8692
		],
		"id": 100,
		"name": "Branch & Pennsylvania Ave SE",
		"terminal": 31701
	},
	"31702": {
		"coords": [
			-76.9607,
			38.878
		],
		"id": 36,
		"name": "Randle Circle & Minnesota Ave SE",
		"terminal": 31702
	},
	"31703": {
		"coords": [
			-76.947446,
			38.897063
		],
		"id": 37,
		"name": "Minnesota Ave Metro/DOES",
		"terminal": 31703
	},
	"31704": {
		"coords": [
			-76.941877,
			38.901385
		],
		"id": 38,
		"name": "Nannie Helen Burroughs & Minnesota Ave NE",
		"terminal": 31704
	},
	"31705": {
		"coords": [
			-76.947974,
			38.894
		],
		"id": 70,
		"name": "Benning Branch Library",
		"terminal": 31705
	},
	"31706": {
		"coords": [
			-76.952103,
			38.86559
		],
		"id": 132,
		"name": "Fairfax Village",
		"terminal": 31706
	},
	"31707": {
		"coords": [
			-76.93723,
			38.889935
		],
		"id": 150,
		"name": "Benning Rd & East Capitol St NE / Benning Rd Metro",
		"terminal": 31707
	},
	"31708": {
		"coords": [
			-76.96012,
			38.896544
		],
		"id": 152,
		"name": "Anacostia Ave & Benning Rd NE / River Terrace ",
		"terminal": 31708
	},
	"31709": {
		"coords": [
			-76.957461,
			38.884085
		],
		"id": 238,
		"name": "34th St & Minnesota Ave SE",
		"terminal": 31709
	},
	"31710": {
		"coords": [
			-76.931862,
			38.898536
		],
		"id": 303,
		"name": "Nannie Helen Burroughs Ave & 49th St NE",
		"terminal": 31710
	},
	"31711": {
		"coords": [
			-76.933099,
			38.908473
		],
		"id": 304,
		"name": "Deanwood Rec Center",
		"terminal": 31711
	},
	"31800": {
		"coords": [
			-76.999388,
			38.843222
		],
		"id": 239,
		"name": "Alabama & MLK Ave SE",
		"terminal": 31800
	},
	"31801": {
		"coords": [
			-76.994637,
			38.862669
		],
		"id": 39,
		"name": "Anacostia Metro",
		"terminal": 31801
	},
	"31802": {
		"coords": [
			-76.988039,
			38.867373
		],
		"id": 40,
		"name": "Good Hope Rd & MLK Ave SE",
		"terminal": 31802
	},
	"31803": {
		"coords": [
			-76.985238,
			38.866611
		],
		"id": 179,
		"name": "Good Hope Rd & 14th St SE",
		"terminal": 31803
	},
	"31804": {
		"coords": [
			-76.9784,
			38.865784
		],
		"id": 66,
		"name": "Anacostia Library",
		"terminal": 31804
	},
	"31805": {
		"coords": [
			-76.971015,
			38.873057
		],
		"id": 67,
		"name": "Pennsylvania & Minnesota Ave SE",
		"terminal": 31805
	},
	"31806": {
		"coords": [
			-76.987823,
			38.844711
		],
		"id": 155,
		"name": "Congress Heights Metro",
		"terminal": 31806
	},
	"31807": {
		"coords": [
			-76.990037,
			38.863897
		],
		"id": 240,
		"name": "Pleasant St & MLK Ave SE",
		"terminal": 31807
	},
	"32000": {
		"coords": [
			-77.096539,
			38.988562
		],
		"id": 263,
		"name": "Norfolk Ave & Fairmont St",
		"terminal": 32000
	},
	"32001": {
		"coords": [
			-77.023082,
			38.985404
		],
		"id": 258,
		"name": "Fenton St & New York Ave ",
		"terminal": 32001
	},
	"32002": {
		"coords": [
			-77.097426,
			38.981103
		],
		"id": 259,
		"name": "Bethesda Ave & Arlington Blvd",
		"terminal": 32002
	},
	"32003": {
		"coords": [
			-77.09221,
			38.983838
		],
		"id": 260,
		"name": "Montgomery Ave & Waverly St ",
		"terminal": 32003
	},
	"32004": {
		"coords": [
			-77.192672,
			39.096312
		],
		"id": 261,
		"name": "Fallsgrove Blvd & Fallsgrove Dr",
		"terminal": 32004
	},
	"32005": {
		"coords": [
			-77.202501,
			39.093783
		],
		"id": 262,
		"name": "Traville Gateway Dr & Gudelsky Dr",
		"terminal": 32005
	},
	"32006": {
		"coords": [
			-77.029417,
			38.987
		],
		"id": 225,
		"name": "13th St & Eastern Ave",
		"terminal": 32006
	},
	"32007": {
		"coords": [
			-77.151291,
			39.084125
		],
		"id": 264,
		"name": "E Montgomery Ave & Maryland Ave",
		"terminal": 32007
	},
	"32008": {
		"coords": [
			-77.098029,
			38.98954
		],
		"id": 265,
		"name": "Cordell & Norfolk Ave",
		"terminal": 32008
	},
	"32009": {
		"coords": [
			-77.145213,
			39.094772
		],
		"id": 266,
		"name": "Frederick Ave & Horners Ln",
		"terminal": 32009
	},
	"32010": {
		"coords": [
			-77.011336,
			38.98128
		],
		"id": 267,
		"name": "Philadelphia & Maple Ave",
		"terminal": 32010
	},
	"32011": {
		"coords": [
			-77.006311,
			38.983627
		],
		"id": 268,
		"name": "Maple & Ritchie Ave",
		"terminal": 32011
	},
	"32012": {
		"coords": [
			-77.02918,
			38.99521
		],
		"id": 269,
		"name": "Silver Spring Metro/Colesville Rd & Wayne Ave",
		"terminal": 32012
	},
	"32013": {
		"coords": [
			-77.095367,
			38.983525
		],
		"id": 270,
		"name": "Montgomery & East Ln",
		"terminal": 32013
	},
	"32014": {
		"coords": [
			-77.085998,
			38.961763
		],
		"id": 271,
		"name": "Friendship Hts Metro/Wisconsin Ave & Wisconsin Cir",
		"terminal": 32014
	},
	"32015": {
		"coords": [
			-77.156985,
			39.120045
		],
		"id": 276,
		"name": "Crabbs Branch Way & Redland Rd",
		"terminal": 32015
	},
	"32016": {
		"coords": [
			-77.188014,
			39.099376
		],
		"id": 277,
		"name": "Fallsgrove Dr & W Montgomery Ave",
		"terminal": 32016
	},
	"32017": {
		"coords": [
			-77.149443,
			39.083705
		],
		"id": 278,
		"name": "Monroe St & Monroe Pl",
		"terminal": 32017
	},
	"32018": {
		"coords": [
			-77.15741,
			39.123513
		],
		"id": 279,
		"name": "Needwood Rd & Eagles Head Ct",
		"terminal": 32018
	},
	"32019": {
		"coords": [
			-77.02935,
			38.990249
		],
		"id": 280,
		"name": "East West Hwy & Blair Mill Rd",
		"terminal": 32019
	},
	"32020": {
		"coords": [
			-77.152072,
			39.107709
		],
		"id": 281,
		"name": "Crabbs Branch Way & Calhoun Pl",
		"terminal": 32020
	},
	"32021": {
		"coords": [
			-77.091991,
			38.982456
		],
		"id": 282,
		"name": "47th & Elm St",
		"terminal": 32021
	},
	"32022": {
		"coords": [
			-77.00149,
			39.000578
		],
		"id": 283,
		"name": "Garland Ave & Walden Rd",
		"terminal": 32022
	},
	"32023": {
		"coords": [
			-77.159048,
			39.095661
		],
		"id": 284,
		"name": "Montgomery College/W Campus Dr & Mannakee St",
		"terminal": 32023
	},
	"32024": {
		"coords": [
			-77.023854,
			38.989724
		],
		"id": 285,
		"name": "Fenton St & Gist Ave",
		"terminal": 32024
	},
	"32025": {
		"coords": [
			-77.01121,
			38.975
		],
		"id": 286,
		"name": "Carroll & Westmoreland Ave",
		"terminal": 32025
	},
	"32026": {
		"coords": [
			-77.006472,
			38.977933
		],
		"id": 287,
		"name": "Carroll & Ethan Allen Ave",
		"terminal": 32026
	},
	"32027": {
		"coords": [
			-77.100104,
			38.992375
		],
		"id": 288,
		"name": "Battery Ln & Trolley Trail",
		"terminal": 32027
	},
	"32028": {
		"coords": [
			-77.100239,
			38.990639
		],
		"id": 289,
		"name": "Norfolk & Rugby Ave",
		"terminal": 32028
	},
	"32029": {
		"coords": [
			-77.094589,
			38.977093
		],
		"id": 290,
		"name": "Offutt Ln & Chevy Chase Dr",
		"terminal": 32029
	},
	"32030": {
		"coords": [
			-77.200322,
			39.102099
		],
		"id": 291,
		"name": "Broschart & Blackwell Rd",
		"terminal": 32030
	},
	"32031": {
		"coords": [
			-77.132954,
			39.094103
		],
		"id": 292,
		"name": "Taft St & E Gude Dr",
		"terminal": 32031
	},
	"32032": {
		"coords": [
			-77.141378,
			39.076331
		],
		"id": 293,
		"name": "Fleet St & Ritchie Pkwy",
		"terminal": 32032
	},
	"32033": {
		"coords": [
			-77.177091,
			39.102212
		],
		"id": 294,
		"name": "Piccard & W Gude Dr",
		"terminal": 32033
	},
	"32034": {
		"coords": [
			-77.029457,
			38.992679
		],
		"id": 295,
		"name": "Ripley & Bonifant St",
		"terminal": 32034
	},
	"32035": {
		"coords": [
			-77.031555,
			38.999388
		],
		"id": 296,
		"name": "Georgia Ave & Spring St",
		"terminal": 32035
	},
	"32036": {
		"coords": [
			-77.025608,
			38.997033
		],
		"id": 297,
		"name": "Fenton St & Ellsworth Dr ",
		"terminal": 32036
	},
	"32037": {
		"coords": [
			-77.171487,
			39.114688
		],
		"id": 298,
		"name": "King Farm Blvd & Pleasant Dr",
		"terminal": 32037
	},
	"32038": {
		"coords": [
			-77.182669,
			39.110314
		],
		"id": 299,
		"name": "King Farm Blvd & Piccard Dr",
		"terminal": 32038
	},
	"32039": {
		"coords": [
			-77.109647,
			38.999634
		],
		"id": 308,
		"name": "Old Georgetown Rd & Southwick St",
		"terminal": 32039
	},
	"32040": {
		"coords": [
			-77.088659,
			38.96115
		],
		"id": 309,
		"name": "Friendship Blvd & Willard Ave",
		"terminal": 32040
	},
	"32041": {
		"coords": [
			-77.196442,
			39.103091
		],
		"id": 315,
		"name": "Medical Center Dr & Key West Ave",
		"terminal": 32041
	},
	"32042": {
		"coords": [
			-77.196636,
			39.097636
		],
		"id": 316,
		"name": "Shady Grove Hospital",
		"terminal": 32042
	},
	"32043": {
		"coords": [
			-77.023894,
			38.997445
		],
		"id": 317,
		"name": "Veterans Pl & Pershing Dr ",
		"terminal": 32043
	},
	"32044": {
		"coords": [
			-77.145803,
			39.085394
		],
		"id": 318,
		"name": "Rockville Metro East",
		"terminal": 32044
	},
	"32045": {
		"coords": [
			-77.166093,
			39.119765
		],
		"id": 325,
		"name": "Shady Grove Metro West",
		"terminal": 32045
	},
	"32046": {
		"coords": [
			-77.103381,
			38.964992
		],
		"id": 326,
		"name": "River Rd & Landy Ln",
		"terminal": 32046
	},
	"32047": {
		"coords": [
			-77.146866,
			39.084379
		],
		"id": 327,
		"name": "Rockville Metro West",
		"terminal": 32047
	},
	"32048": {
		"coords": [
			-77.094537,
			38.984691
		],
		"id": 328,
		"name": "Bethesda Metro",
		"terminal": 32048
	}
}
